,tweets
0,#VladimirPutin puppet #trump America's worst nightmare trump announces continue being America's nightmare along with #GOP @scotus FLIP FLOP talk both sides of mouths all condemned rioters attacking Capitol Jan 6 later were talking insurrectionist just NORMAL political discourse https://t.co/ERG3xMtZ8w
1,RT @TheTribune2020: ğŸ¤¬Elon Musk is speaking out against government subsidies. Here's a list of the billions of dollars his businesses have râ€¦
2,"@rovercrc ğŸ‡ºğŸ‡¸ğŸ‡ºğŸ‡¸ğŸ‡ºğŸ‡¸STEALTH LAUNCHING TRUMPLON ON #BSCğŸ‡ºğŸ‡¸ğŸ‡ºğŸ‡¸ğŸ‡ºğŸ‡¸

ğŸ‡ºğŸ‡¸ğŸ‡ºğŸ‡¸ğŸ‡ºğŸ‡¸ğŸ‡ºğŸ‡¸ğŸ‡ºğŸ‡¸ğŸ‡ºğŸ‡¸ğŸ‡ºğŸ‡¸ğŸ‡ºğŸ‡¸ğŸ‡ºğŸ‡¸ğŸ‡ºğŸ‡¸ğŸ‡ºğŸ‡¸
âœ…LP LOCKED
âœ…#BUSDÂ Â rewards
âœ…Experienced team
âœ…Low starting LP
ğŸ‡ºğŸ‡¸ğŸ‡ºğŸ‡¸ğŸ‡ºğŸ‡¸ğŸ‡ºğŸ‡¸ğŸ‡ºğŸ‡¸ğŸ‡ºğŸ‡¸ğŸ‡ºğŸ‡¸ğŸ‡ºğŸ‡¸ğŸ‡ºğŸ‡¸ğŸ‡ºğŸ‡¸ğŸ‡ºğŸ‡¸

#trumplon $trumplon #trump #ELONMUSK 
DONT MISS THE LAUNCH JOIN TG
ğŸ‘‡

https://t.co/VMxjsZwEFJ
#552"
3,"RT @unrmedia: LEAKED VIDEO of Trump defending Chief Keef!! ğŸ‘€ #trump #chiefkeef 
#lovesosa #hiphop https://t.co/Ty53i5Q8u0"
4,"@elonmusk 
Lies are easy, science takes centuries to verify. 
Don't you need science for your business technology?
#trump is a liar, and you are supporting his lies.
His kind caused the Inquisition and the Dark Ages.
Whose side are you on?"
5,"@CryptoCapo_ ğŸ‡ºğŸ‡¸ğŸ‡ºğŸ‡¸ğŸ‡ºğŸ‡¸STEALTH LAUNCHING TRUMPLON ON #BSCğŸ‡ºğŸ‡¸ğŸ‡ºğŸ‡¸ğŸ‡ºğŸ‡¸

ğŸ‡ºğŸ‡¸ğŸ‡ºğŸ‡¸ğŸ‡ºğŸ‡¸ğŸ‡ºğŸ‡¸ğŸ‡ºğŸ‡¸ğŸ‡ºğŸ‡¸ğŸ‡ºğŸ‡¸ğŸ‡ºğŸ‡¸ğŸ‡ºğŸ‡¸ğŸ‡ºğŸ‡¸ğŸ‡ºğŸ‡¸
âœ…LP LOCKED
âœ…#BUSDÂ Â rewards
âœ…Experienced team
âœ…Low starting LP
ğŸ‡ºğŸ‡¸ğŸ‡ºğŸ‡¸ğŸ‡ºğŸ‡¸ğŸ‡ºğŸ‡¸ğŸ‡ºğŸ‡¸ğŸ‡ºğŸ‡¸ğŸ‡ºğŸ‡¸ğŸ‡ºğŸ‡¸ğŸ‡ºğŸ‡¸ğŸ‡ºğŸ‡¸ğŸ‡ºğŸ‡¸

#trumplon $trumplon #trump #ELONMUSK 
DONT MISS THE LAUNCH JOIN TG
ğŸ‘‡

https://t.co/VMxjsZwEFJ
#551"
6,"@atRachelGilmore Itâ€™s called muzzling the truth.

#Mendicino &amp; #Trudeau #Lied

#CSIS said â€œThe threshold was NOT metâ€
Trudeau violated the Canadian Charter of Rights &amp; Freedoms invoking the Emergency Act with no justification to do so.

#Trudeau is #Canadaâ€™s #Trump
#EmergencyActInquiry #Liberal https://t.co/6ROyaUmRf6"
7,"What Biden ought to say to Trump. What Trump ought to do.  #MAGA #TRUMP2024 #Trump

https://t.co/LGpI3hyISF"
8,"Donald Trump Threatens To Sue CNN

#Trump #trumpRally #DonaldTrump 

#trumpwon #TrumpWasRightAboutEverything 

#TRUMP2024ToSaveAmerica

#MAGA #2AMaga #ULTRAMAGA

https://t.co/ZRmuRIFktR"
9,"@symnft16 ğŸ‡ºğŸ‡¸ğŸ‡ºğŸ‡¸ğŸ‡ºğŸ‡¸STEALTH LAUNCHING TRUMPLON ON #BSCğŸ‡ºğŸ‡¸ğŸ‡ºğŸ‡¸ğŸ‡ºğŸ‡¸

ğŸ‡ºğŸ‡¸ğŸ‡ºğŸ‡¸ğŸ‡ºğŸ‡¸ğŸ‡ºğŸ‡¸ğŸ‡ºğŸ‡¸ğŸ‡ºğŸ‡¸ğŸ‡ºğŸ‡¸ğŸ‡ºğŸ‡¸ğŸ‡ºğŸ‡¸ğŸ‡ºğŸ‡¸ğŸ‡ºğŸ‡¸
âœ…LP LOCKED
âœ…#BUSDÂ Â rewards
âœ…Experienced team
âœ…Low starting LP
ğŸ‡ºğŸ‡¸ğŸ‡ºğŸ‡¸ğŸ‡ºğŸ‡¸ğŸ‡ºğŸ‡¸ğŸ‡ºğŸ‡¸ğŸ‡ºğŸ‡¸ğŸ‡ºğŸ‡¸ğŸ‡ºğŸ‡¸ğŸ‡ºğŸ‡¸ğŸ‡ºğŸ‡¸ğŸ‡ºğŸ‡¸

#trumplon $trumplon #trump #ELONMUSK 
DONT MISS THE LAUNCH JOIN TG
ğŸ‘‡

https://t.co/VMxjsZxcvh
#550"
10,Random Trump https://t.co/NbyZOcn7zO - #randomtrump #trump #donaldtrump #giphy #gif #gifs https://t.co/cTwGnqQAPG
11,"@JULIApromoter ğŸ‡ºğŸ‡¸ğŸ‡ºğŸ‡¸ğŸ‡ºğŸ‡¸STEALTH LAUNCHING TRUMPLON ON #BSCğŸ‡ºğŸ‡¸ğŸ‡ºğŸ‡¸ğŸ‡ºğŸ‡¸

ğŸ‡ºğŸ‡¸ğŸ‡ºğŸ‡¸ğŸ‡ºğŸ‡¸ğŸ‡ºğŸ‡¸ğŸ‡ºğŸ‡¸ğŸ‡ºğŸ‡¸ğŸ‡ºğŸ‡¸ğŸ‡ºğŸ‡¸ğŸ‡ºğŸ‡¸ğŸ‡ºğŸ‡¸ğŸ‡ºğŸ‡¸
âœ…LP LOCKED
âœ…#BUSDÂ Â rewards
âœ…Experienced team
âœ…Low starting LP
ğŸ‡ºğŸ‡¸ğŸ‡ºğŸ‡¸ğŸ‡ºğŸ‡¸ğŸ‡ºğŸ‡¸ğŸ‡ºğŸ‡¸ğŸ‡ºğŸ‡¸ğŸ‡ºğŸ‡¸ğŸ‡ºğŸ‡¸ğŸ‡ºğŸ‡¸ğŸ‡ºğŸ‡¸ğŸ‡ºğŸ‡¸

#trumplon $trumplon #trump #ELONMUSK 
DONT MISS THE LAUNCH JOIN TG
ğŸ‘‡

https://t.co/VMxjsZwEFJ
#549"
12,"RT @realcbknews: PRESIDENT #TRUMP : My fellow #Americans, this is to announce  that John F. Kennedy JR is alive.  And heâ€™s  going to  be thâ€¦"
13,"@JackieNFT4 ğŸ‡ºğŸ‡¸ğŸ‡ºğŸ‡¸ğŸ‡ºğŸ‡¸STEALTH LAUNCHING TRUMPLON ON #BSCğŸ‡ºğŸ‡¸ğŸ‡ºğŸ‡¸ğŸ‡ºğŸ‡¸

ğŸ‡ºğŸ‡¸ğŸ‡ºğŸ‡¸ğŸ‡ºğŸ‡¸ğŸ‡ºğŸ‡¸ğŸ‡ºğŸ‡¸ğŸ‡ºğŸ‡¸ğŸ‡ºğŸ‡¸ğŸ‡ºğŸ‡¸ğŸ‡ºğŸ‡¸ğŸ‡ºğŸ‡¸ğŸ‡ºğŸ‡¸
âœ…LP LOCKED
âœ…#BUSDÂ Â rewards
âœ…Experienced team
âœ…Low starting LP
ğŸ‡ºğŸ‡¸ğŸ‡ºğŸ‡¸ğŸ‡ºğŸ‡¸ğŸ‡ºğŸ‡¸ğŸ‡ºğŸ‡¸ğŸ‡ºğŸ‡¸ğŸ‡ºğŸ‡¸ğŸ‡ºğŸ‡¸ğŸ‡ºğŸ‡¸ğŸ‡ºğŸ‡¸ğŸ‡ºğŸ‡¸

#trumplon $trumplon #trump #ELONMUSK 
DONT MISS THE LAUNCH JOIN TG
ğŸ‘‡

https://t.co/VMxjsZxcvh
#548"
14,"RT @tazukumoon: @altcryptocom ğŸ‡ºğŸ‡¸ğŸ‡ºğŸ‡¸ğŸ‡ºğŸ‡¸STEALTH LAUNCHING TRUMPLON ON #BSCğŸ‡ºğŸ‡¸ğŸ‡ºğŸ‡¸ğŸ‡ºğŸ‡¸

ğŸ‡ºğŸ‡¸ğŸ‡ºğŸ‡¸ğŸ‡ºğŸ‡¸ğŸ‡ºğŸ‡¸ğŸ‡ºğŸ‡¸ğŸ‡ºğŸ‡¸ğŸ‡ºğŸ‡¸ğŸ‡ºğŸ‡¸ğŸ‡ºğŸ‡¸ğŸ‡ºğŸ‡¸ğŸ‡ºğŸ‡¸
âœ…LP LOCKED
âœ…#BUSDÂ Â rewards
âœ…Experienceâ€¦"
15,"RT @amirmehdipuor: Shutting down the Internet, the shameful child-killing Islamic Republic wants to commit another crime against humanity iâ€¦"
16,"Appeals court deals setback to Trump in fraud suit  #MAGA #TRUMP2024 #Trump

https://t.co/Dj4Osv88K0"
17,"Donald Trump Drops Another Clue About 2024

#Trump #trumpRally #DonaldTrump 

#trumpwon #TrumpWasRightAboutEverything 

#TRUMP2024ToSaveAmerica

#MAGA #2AMaga #ULTRAMAGA

https://t.co/X0hI53JUjb"
18,"RT @realcbknews: OMG ğŸŒ¹ğŸŒ¹ğŸ˜˜

PRESIDENT #TRUMP: Actually I follow CBK NEWS and it's really interesting.

Join  @realcbknews

     Follow Cbknewâ€¦"
19,"RT @MariaConchita_A: You don't have to like #DonaldJTrump, but angry cause he's back on TW? You are a communist, sorry.  #communists are agâ€¦"
20,"@CryptoEmdarks ğŸ‡ºğŸ‡¸ğŸ‡ºğŸ‡¸ğŸ‡ºğŸ‡¸STEALTH LAUNCHING TRUMPLON ON #BSCğŸ‡ºğŸ‡¸ğŸ‡ºğŸ‡¸ğŸ‡ºğŸ‡¸

ğŸ‡ºğŸ‡¸ğŸ‡ºğŸ‡¸ğŸ‡ºğŸ‡¸ğŸ‡ºğŸ‡¸ğŸ‡ºğŸ‡¸ğŸ‡ºğŸ‡¸ğŸ‡ºğŸ‡¸ğŸ‡ºğŸ‡¸ğŸ‡ºğŸ‡¸ğŸ‡ºğŸ‡¸ğŸ‡ºğŸ‡¸
âœ…LP LOCKED
âœ…#BUSDÂ Â rewards
âœ…Experienced team
âœ…Low starting LP
ğŸ‡ºğŸ‡¸ğŸ‡ºğŸ‡¸ğŸ‡ºğŸ‡¸ğŸ‡ºğŸ‡¸ğŸ‡ºğŸ‡¸ğŸ‡ºğŸ‡¸ğŸ‡ºğŸ‡¸ğŸ‡ºğŸ‡¸ğŸ‡ºğŸ‡¸ğŸ‡ºğŸ‡¸ğŸ‡ºğŸ‡¸

#trumplon $trumplon #trump #ELONMUSK 
DONT MISS THE LAUNCH JOIN TG
ğŸ‘‡

https://t.co/VMxjsZwEFJ
#547"
21,"@AlvinEden2 ğŸ‡ºğŸ‡¸ğŸ‡ºğŸ‡¸ğŸ‡ºğŸ‡¸STEALTH LAUNCHING TRUMPLON ON #BSCğŸ‡ºğŸ‡¸ğŸ‡ºğŸ‡¸ğŸ‡ºğŸ‡¸

ğŸ‡ºğŸ‡¸ğŸ‡ºğŸ‡¸ğŸ‡ºğŸ‡¸ğŸ‡ºğŸ‡¸ğŸ‡ºğŸ‡¸ğŸ‡ºğŸ‡¸ğŸ‡ºğŸ‡¸ğŸ‡ºğŸ‡¸ğŸ‡ºğŸ‡¸ğŸ‡ºğŸ‡¸ğŸ‡ºğŸ‡¸
âœ…LP LOCKED
âœ…#BUSDÂ Â rewards
âœ…Experienced team
âœ…Low starting LP
ğŸ‡ºğŸ‡¸ğŸ‡ºğŸ‡¸ğŸ‡ºğŸ‡¸ğŸ‡ºğŸ‡¸ğŸ‡ºğŸ‡¸ğŸ‡ºğŸ‡¸ğŸ‡ºğŸ‡¸ğŸ‡ºğŸ‡¸ğŸ‡ºğŸ‡¸ğŸ‡ºğŸ‡¸ğŸ‡ºğŸ‡¸

#trumplon $trumplon #trump #ELONMUSK 
DONT MISS THE LAUNCH JOIN TG
ğŸ‘‡ 

https://t.co/0uS03OujxR 
#500"
22,"@koncinasNft ğŸ‡ºğŸ‡¸ğŸ‡ºğŸ‡¸ğŸ‡ºğŸ‡¸STEALTH LAUNCHING TRUMPLON ON #BSCğŸ‡ºğŸ‡¸ğŸ‡ºğŸ‡¸ğŸ‡ºğŸ‡¸

ğŸ‡ºğŸ‡¸ğŸ‡ºğŸ‡¸ğŸ‡ºğŸ‡¸ğŸ‡ºğŸ‡¸ğŸ‡ºğŸ‡¸ğŸ‡ºğŸ‡¸ğŸ‡ºğŸ‡¸ğŸ‡ºğŸ‡¸ğŸ‡ºğŸ‡¸ğŸ‡ºğŸ‡¸ğŸ‡ºğŸ‡¸
âœ…LP LOCKED
âœ…#BUSDÂ Â rewards
âœ…Experienced team
âœ…Low starting LP
ğŸ‡ºğŸ‡¸ğŸ‡ºğŸ‡¸ğŸ‡ºğŸ‡¸ğŸ‡ºğŸ‡¸ğŸ‡ºğŸ‡¸ğŸ‡ºğŸ‡¸ğŸ‡ºğŸ‡¸ğŸ‡ºğŸ‡¸ğŸ‡ºğŸ‡¸ğŸ‡ºğŸ‡¸ğŸ‡ºğŸ‡¸

#trumplon $trumplon #trump #ELONMUSK 
DONT MISS THE LAUNCH JOIN TG
ğŸ‘‡

https://t.co/VMxjsZwEFJ
#546"
23,"@By_CRYPT0 ğŸ‡ºğŸ‡¸ğŸ‡ºğŸ‡¸ğŸ‡ºğŸ‡¸STEALTH LAUNCHING TRUMPLON ON #BSCğŸ‡ºğŸ‡¸ğŸ‡ºğŸ‡¸ğŸ‡ºğŸ‡¸

ğŸ‡ºğŸ‡¸ğŸ‡ºğŸ‡¸ğŸ‡ºğŸ‡¸ğŸ‡ºğŸ‡¸ğŸ‡ºğŸ‡¸ğŸ‡ºğŸ‡¸ğŸ‡ºğŸ‡¸ğŸ‡ºğŸ‡¸ğŸ‡ºğŸ‡¸ğŸ‡ºğŸ‡¸ğŸ‡ºğŸ‡¸
âœ…LP LOCKED
âœ…#BUSDÂ Â rewards
âœ…Experienced team
âœ…Low starting LP
ğŸ‡ºğŸ‡¸ğŸ‡ºğŸ‡¸ğŸ‡ºğŸ‡¸ğŸ‡ºğŸ‡¸ğŸ‡ºğŸ‡¸ğŸ‡ºğŸ‡¸ğŸ‡ºğŸ‡¸ğŸ‡ºğŸ‡¸ğŸ‡ºğŸ‡¸ğŸ‡ºğŸ‡¸ğŸ‡ºğŸ‡¸

#trumplon $trumplon #trump #ELONMUSK 
DONT MISS THE LAUNCH JOIN TG
ğŸ‘‡ 

https://t.co/0uS03OtLIj 
#499"
24,"@bullluncdao ğŸ‡ºğŸ‡¸ğŸ‡ºğŸ‡¸ğŸ‡ºğŸ‡¸STEALTH LAUNCHING TRUMPLON ON #BSCğŸ‡ºğŸ‡¸ğŸ‡ºğŸ‡¸ğŸ‡ºğŸ‡¸

ğŸ‡ºğŸ‡¸ğŸ‡ºğŸ‡¸ğŸ‡ºğŸ‡¸ğŸ‡ºğŸ‡¸ğŸ‡ºğŸ‡¸ğŸ‡ºğŸ‡¸ğŸ‡ºğŸ‡¸ğŸ‡ºğŸ‡¸ğŸ‡ºğŸ‡¸ğŸ‡ºğŸ‡¸ğŸ‡ºğŸ‡¸
âœ…LP LOCKED
âœ…#BUSDÂ Â rewards
âœ…Experienced team
âœ…Low starting LP
ğŸ‡ºğŸ‡¸ğŸ‡ºğŸ‡¸ğŸ‡ºğŸ‡¸ğŸ‡ºğŸ‡¸ğŸ‡ºğŸ‡¸ğŸ‡ºğŸ‡¸ğŸ‡ºğŸ‡¸ğŸ‡ºğŸ‡¸ğŸ‡ºğŸ‡¸ğŸ‡ºğŸ‡¸ğŸ‡ºğŸ‡¸

#trumplon $trumplon #trump #ELONMUSK 
DONT MISS THE LAUNCH JOIN TG
ğŸ‘‡ 

https://t.co/0uS03OujxR 
#498"
25,"@MartiniGuyYT ğŸ‡ºğŸ‡¸ğŸ‡ºğŸ‡¸ğŸ‡ºğŸ‡¸STEALTH LAUNCHING TRUMPLON ON #BSCğŸ‡ºğŸ‡¸ğŸ‡ºğŸ‡¸ğŸ‡ºğŸ‡¸

ğŸ‡ºğŸ‡¸ğŸ‡ºğŸ‡¸ğŸ‡ºğŸ‡¸ğŸ‡ºğŸ‡¸ğŸ‡ºğŸ‡¸ğŸ‡ºğŸ‡¸ğŸ‡ºğŸ‡¸ğŸ‡ºğŸ‡¸ğŸ‡ºğŸ‡¸ğŸ‡ºğŸ‡¸ğŸ‡ºğŸ‡¸
âœ…LP LOCKED
âœ…#BUSDÂ Â rewards
âœ…Experienced team
âœ…Low starting LP
ğŸ‡ºğŸ‡¸ğŸ‡ºğŸ‡¸ğŸ‡ºğŸ‡¸ğŸ‡ºğŸ‡¸ğŸ‡ºğŸ‡¸ğŸ‡ºğŸ‡¸ğŸ‡ºğŸ‡¸ğŸ‡ºğŸ‡¸ğŸ‡ºğŸ‡¸ğŸ‡ºğŸ‡¸ğŸ‡ºğŸ‡¸

#trumplon $trumplon #trump #ELONMUSK 
DONT MISS THE LAUNCH JOIN TG
ğŸ‘‡

https://t.co/VMxjsZwEFJ
#545"
26,"RT @tazukumoon: @altcryptocom ğŸ‡ºğŸ‡¸ğŸ‡ºğŸ‡¸ğŸ‡ºğŸ‡¸STEALTH LAUNCHING TRUMPLON ON #BSCğŸ‡ºğŸ‡¸ğŸ‡ºğŸ‡¸ğŸ‡ºğŸ‡¸

ğŸ‡ºğŸ‡¸ğŸ‡ºğŸ‡¸ğŸ‡ºğŸ‡¸ğŸ‡ºğŸ‡¸ğŸ‡ºğŸ‡¸ğŸ‡ºğŸ‡¸ğŸ‡ºğŸ‡¸ğŸ‡ºğŸ‡¸ğŸ‡ºğŸ‡¸ğŸ‡ºğŸ‡¸ğŸ‡ºğŸ‡¸
âœ…LP LOCKED
âœ…#BUSDÂ Â rewards
âœ…Experienceâ€¦"
27,"@altcryptocom ğŸ‡ºğŸ‡¸ğŸ‡ºğŸ‡¸ğŸ‡ºğŸ‡¸STEALTH LAUNCHING TRUMPLON ON #BSCğŸ‡ºğŸ‡¸ğŸ‡ºğŸ‡¸ğŸ‡ºğŸ‡¸

ğŸ‡ºğŸ‡¸ğŸ‡ºğŸ‡¸ğŸ‡ºğŸ‡¸ğŸ‡ºğŸ‡¸ğŸ‡ºğŸ‡¸ğŸ‡ºğŸ‡¸ğŸ‡ºğŸ‡¸ğŸ‡ºğŸ‡¸ğŸ‡ºğŸ‡¸ğŸ‡ºğŸ‡¸ğŸ‡ºğŸ‡¸
âœ…LP LOCKED
âœ…#BUSDÂ Â rewards
âœ…Experienced team
âœ…Low starting LP
ğŸ‡ºğŸ‡¸ğŸ‡ºğŸ‡¸ğŸ‡ºğŸ‡¸ğŸ‡ºğŸ‡¸ğŸ‡ºğŸ‡¸ğŸ‡ºğŸ‡¸ğŸ‡ºğŸ‡¸ğŸ‡ºğŸ‡¸ğŸ‡ºğŸ‡¸ğŸ‡ºğŸ‡¸ğŸ‡ºğŸ‡¸

#trumplon  #trump #ELONMUSK 

1T Supply
50% BURNT

DEVSAFU
6MONTHS LP LOCKED 

https://t.co/vJQm5Qv69S"
28,"@Smartinvestor00 ğŸ‡ºğŸ‡¸ğŸ‡ºğŸ‡¸ğŸ‡ºğŸ‡¸STEALTH LAUNCHING TRUMPLON ON #BSCğŸ‡ºğŸ‡¸ğŸ‡ºğŸ‡¸ğŸ‡ºğŸ‡¸

ğŸ‡ºğŸ‡¸ğŸ‡ºğŸ‡¸ğŸ‡ºğŸ‡¸ğŸ‡ºğŸ‡¸ğŸ‡ºğŸ‡¸ğŸ‡ºğŸ‡¸ğŸ‡ºğŸ‡¸ğŸ‡ºğŸ‡¸ğŸ‡ºğŸ‡¸ğŸ‡ºğŸ‡¸ğŸ‡ºğŸ‡¸
âœ…LP LOCKED
âœ…#BUSDÂ Â rewards
âœ…Experienced team
âœ…Low starting LP
ğŸ‡ºğŸ‡¸ğŸ‡ºğŸ‡¸ğŸ‡ºğŸ‡¸ğŸ‡ºğŸ‡¸ğŸ‡ºğŸ‡¸ğŸ‡ºğŸ‡¸ğŸ‡ºğŸ‡¸ğŸ‡ºğŸ‡¸ğŸ‡ºğŸ‡¸ğŸ‡ºğŸ‡¸ğŸ‡ºğŸ‡¸

#trumplon $trumplon #trump #ELONMUSK 
DONT MISS THE LAUNCH JOIN TG
ğŸ‘‡ 

https://t.co/0uS03OujxR 
#497"
29,"Biden Administration Breaks Its Silence

#Trump #trumpRally #DonaldTrump 

#trumpwon #TrumpWasRightAboutEverything 

#TRUMP2024ToSaveAmerica

#MAGA #2AMaga #ULTRAMAGA

https://t.co/RuC8Jpj1RK"
30,"Democrat Sinema Just Turned On Biden And Her Party  #MAGA #TRUMP2024 #Trump

https://t.co/Y05pdS7Ifv"
31,"RT @RossRosenfeld: Explained to my daughter: Ivanka Trump's actual name is Ivana, since she was named after her mother. In Czech, ""Ivanka""â€¦"
32,"@aysacni ğŸ‡ºğŸ‡¸ğŸ‡ºğŸ‡¸ğŸ‡ºğŸ‡¸STEALTH LAUNCHING TRUMPLON ON #BSCğŸ‡ºğŸ‡¸ğŸ‡ºğŸ‡¸ğŸ‡ºğŸ‡¸

ğŸ‡ºğŸ‡¸ğŸ‡ºğŸ‡¸ğŸ‡ºğŸ‡¸ğŸ‡ºğŸ‡¸ğŸ‡ºğŸ‡¸ğŸ‡ºğŸ‡¸ğŸ‡ºğŸ‡¸ğŸ‡ºğŸ‡¸ğŸ‡ºğŸ‡¸ğŸ‡ºğŸ‡¸ğŸ‡ºğŸ‡¸
âœ…LP LOCKED
âœ…#BUSDÂ Â rewards
âœ…Experienced team
âœ…Low starting LP
ğŸ‡ºğŸ‡¸ğŸ‡ºğŸ‡¸ğŸ‡ºğŸ‡¸ğŸ‡ºğŸ‡¸ğŸ‡ºğŸ‡¸ğŸ‡ºğŸ‡¸ğŸ‡ºğŸ‡¸ğŸ‡ºğŸ‡¸ğŸ‡ºğŸ‡¸ğŸ‡ºğŸ‡¸ğŸ‡ºğŸ‡¸

#trumplon $trumplon #trump #ELONMUSK 
DONT MISS THE LAUNCH JOIN TG
ğŸ‘‡ 

https://t.co/0uS03OtLIj 
#496"
33,"@RepStefanik Funny, #Trump swore that #Turkey prices were up over 200%. I guess that was a #TrumpLie..."
34,"@GraviDAO_ @galactic_punks @rebel_defi @terra_money ğŸ‡ºğŸ‡¸ğŸ‡ºğŸ‡¸ğŸ‡ºğŸ‡¸STEALTH LAUNCHING TRUMPLON ON #BSCğŸ‡ºğŸ‡¸ğŸ‡ºğŸ‡¸ğŸ‡ºğŸ‡¸

ğŸ‡ºğŸ‡¸ğŸ‡ºğŸ‡¸ğŸ‡ºğŸ‡¸ğŸ‡ºğŸ‡¸ğŸ‡ºğŸ‡¸ğŸ‡ºğŸ‡¸ğŸ‡ºğŸ‡¸ğŸ‡ºğŸ‡¸ğŸ‡ºğŸ‡¸ğŸ‡ºğŸ‡¸ğŸ‡ºğŸ‡¸
âœ…LP LOCKED
âœ…#BUSDÂ Â rewards
âœ…Experienced team
âœ…Low starting LP
ğŸ‡ºğŸ‡¸ğŸ‡ºğŸ‡¸ğŸ‡ºğŸ‡¸ğŸ‡ºğŸ‡¸ğŸ‡ºğŸ‡¸ğŸ‡ºğŸ‡¸ğŸ‡ºğŸ‡¸ğŸ‡ºğŸ‡¸ğŸ‡ºğŸ‡¸ğŸ‡ºğŸ‡¸ğŸ‡ºğŸ‡¸

#trumplon $trumplon #trump #ELONMUSK 
DONT MISS THE LAUNCH JOIN TG
ğŸ‘‡ 

https://t.co/0uS03OtLIj 
#495"
35,"@TheCollecter23 ğŸ‡ºğŸ‡¸ğŸ‡ºğŸ‡¸ğŸ‡ºğŸ‡¸STEALTH LAUNCHING TRUMPLON ON #BSCğŸ‡ºğŸ‡¸ğŸ‡ºğŸ‡¸ğŸ‡ºğŸ‡¸

ğŸ‡ºğŸ‡¸ğŸ‡ºğŸ‡¸ğŸ‡ºğŸ‡¸ğŸ‡ºğŸ‡¸ğŸ‡ºğŸ‡¸ğŸ‡ºğŸ‡¸ğŸ‡ºğŸ‡¸ğŸ‡ºğŸ‡¸ğŸ‡ºğŸ‡¸ğŸ‡ºğŸ‡¸ğŸ‡ºğŸ‡¸
âœ…LP LOCKED
âœ…#BUSDÂ Â rewards
âœ…Experienced team
âœ…Low starting LP
ğŸ‡ºğŸ‡¸ğŸ‡ºğŸ‡¸ğŸ‡ºğŸ‡¸ğŸ‡ºğŸ‡¸ğŸ‡ºğŸ‡¸ğŸ‡ºğŸ‡¸ğŸ‡ºğŸ‡¸ğŸ‡ºğŸ‡¸ğŸ‡ºğŸ‡¸ğŸ‡ºğŸ‡¸ğŸ‡ºğŸ‡¸

#trumplon $trumplon #trump #ELONMUSK 
DONT MISS THE LAUNCH JOIN TG
ğŸ‘‡

https://t.co/VMxjsZwEFJ
#544"
36,"@DorothyStilwel6 ğŸ‡ºğŸ‡¸ğŸ‡ºğŸ‡¸ğŸ‡ºğŸ‡¸STEALTH LAUNCHING TRUMPLON ON #BSCğŸ‡ºğŸ‡¸ğŸ‡ºğŸ‡¸ğŸ‡ºğŸ‡¸

ğŸ‡ºğŸ‡¸ğŸ‡ºğŸ‡¸ğŸ‡ºğŸ‡¸ğŸ‡ºğŸ‡¸ğŸ‡ºğŸ‡¸ğŸ‡ºğŸ‡¸ğŸ‡ºğŸ‡¸ğŸ‡ºğŸ‡¸ğŸ‡ºğŸ‡¸ğŸ‡ºğŸ‡¸ğŸ‡ºğŸ‡¸
âœ…LP LOCKED
âœ…#BUSDÂ Â rewards
âœ…Experienced team
âœ…Low starting LP
ğŸ‡ºğŸ‡¸ğŸ‡ºğŸ‡¸ğŸ‡ºğŸ‡¸ğŸ‡ºğŸ‡¸ğŸ‡ºğŸ‡¸ğŸ‡ºğŸ‡¸ğŸ‡ºğŸ‡¸ğŸ‡ºğŸ‡¸ğŸ‡ºğŸ‡¸ğŸ‡ºğŸ‡¸ğŸ‡ºğŸ‡¸

#trumplon $trumplon #trump #ELONMUSK 
DONT MISS THE LAUNCH JOIN TG
ğŸ‘‡ 

https://t.co/0uS03OujxR 
#494"
37,"@CherishhNFT ğŸ‡ºğŸ‡¸ğŸ‡ºğŸ‡¸ğŸ‡ºğŸ‡¸STEALTH LAUNCHING TRUMPLON ON #BSCğŸ‡ºğŸ‡¸ğŸ‡ºğŸ‡¸ğŸ‡ºğŸ‡¸

ğŸ‡ºğŸ‡¸ğŸ‡ºğŸ‡¸ğŸ‡ºğŸ‡¸ğŸ‡ºğŸ‡¸ğŸ‡ºğŸ‡¸ğŸ‡ºğŸ‡¸ğŸ‡ºğŸ‡¸ğŸ‡ºğŸ‡¸ğŸ‡ºğŸ‡¸ğŸ‡ºğŸ‡¸ğŸ‡ºğŸ‡¸
âœ…LP LOCKED
âœ…#BUSDÂ Â rewards
âœ…Experienced team
âœ…Low starting LP
ğŸ‡ºğŸ‡¸ğŸ‡ºğŸ‡¸ğŸ‡ºğŸ‡¸ğŸ‡ºğŸ‡¸ğŸ‡ºğŸ‡¸ğŸ‡ºğŸ‡¸ğŸ‡ºğŸ‡¸ğŸ‡ºğŸ‡¸ğŸ‡ºğŸ‡¸ğŸ‡ºğŸ‡¸ğŸ‡ºğŸ‡¸

#trumplon $trumplon #trump #ELONMUSK 
DONT MISS THE LAUNCH JOIN TG
ğŸ‘‡

https://t.co/VMxjsZwEFJ
#543"
38,"@Scribulatora You wouldâ€™ve gotten on well in 1933 Germany.

#CSIS said â€œThe threshold was NOT metâ€
#Trudeau violated the Canadian Charter of Rights and Freedoms invoking the Emergency Act with no cause to do so.

#Trudeau is #Canadaâ€™s #Trump
#EmergencyActInquiry #Liberal https://t.co/BS3XvyHLjJ"
39,"@aysacni ğŸ‡ºğŸ‡¸ğŸ‡ºğŸ‡¸ğŸ‡ºğŸ‡¸STEALTH LAUNCHING TRUMPLON ON #BSCğŸ‡ºğŸ‡¸ğŸ‡ºğŸ‡¸ğŸ‡ºğŸ‡¸

ğŸ‡ºğŸ‡¸ğŸ‡ºğŸ‡¸ğŸ‡ºğŸ‡¸ğŸ‡ºğŸ‡¸ğŸ‡ºğŸ‡¸ğŸ‡ºğŸ‡¸ğŸ‡ºğŸ‡¸ğŸ‡ºğŸ‡¸ğŸ‡ºğŸ‡¸ğŸ‡ºğŸ‡¸ğŸ‡ºğŸ‡¸
âœ…LP LOCKED
âœ…#BUSDÂ Â rewards
âœ…Experienced team
âœ…Low starting LP
ğŸ‡ºğŸ‡¸ğŸ‡ºğŸ‡¸ğŸ‡ºğŸ‡¸ğŸ‡ºğŸ‡¸ğŸ‡ºğŸ‡¸ğŸ‡ºğŸ‡¸ğŸ‡ºğŸ‡¸ğŸ‡ºğŸ‡¸ğŸ‡ºğŸ‡¸ğŸ‡ºğŸ‡¸ğŸ‡ºğŸ‡¸

#trumplon $trumplon #trump #ELONMUSK 
DONT MISS THE LAUNCH JOIN TG
ğŸ‘‡ 

https://t.co/0uS03OtLIj 
#493"
40,"@MrHeisenberg222 @BVDCAT_ @Omerta_SOL ğŸ‡ºğŸ‡¸ğŸ‡ºğŸ‡¸ğŸ‡ºğŸ‡¸STEALTH LAUNCHING TRUMPLON ON #BSCğŸ‡ºğŸ‡¸ğŸ‡ºğŸ‡¸ğŸ‡ºğŸ‡¸

ğŸ‡ºğŸ‡¸ğŸ‡ºğŸ‡¸ğŸ‡ºğŸ‡¸ğŸ‡ºğŸ‡¸ğŸ‡ºğŸ‡¸ğŸ‡ºğŸ‡¸ğŸ‡ºğŸ‡¸ğŸ‡ºğŸ‡¸ğŸ‡ºğŸ‡¸ğŸ‡ºğŸ‡¸ğŸ‡ºğŸ‡¸
âœ…LP LOCKED
âœ…#BUSDÂ Â rewards
âœ…Experienced team
âœ…Low starting LP
ğŸ‡ºğŸ‡¸ğŸ‡ºğŸ‡¸ğŸ‡ºğŸ‡¸ğŸ‡ºğŸ‡¸ğŸ‡ºğŸ‡¸ğŸ‡ºğŸ‡¸ğŸ‡ºğŸ‡¸ğŸ‡ºğŸ‡¸ğŸ‡ºğŸ‡¸ğŸ‡ºğŸ‡¸ğŸ‡ºğŸ‡¸

#trumplon $trumplon #trump #ELONMUSK 
DONT MISS THE LAUNCH JOIN TG
ğŸ‘‡

https://t.co/VMxjsZxcvh
#542"
41,"DeSantis Campaign Shifts Into High Gear

#Trump #trumpRally #DonaldTrump 

#trumpwon #TrumpWasRightAboutEverything 

#TRUMP2024ToSaveAmerica

#MAGA #2AMaga #ULTRAMAGA

https://t.co/SVgCpUzWhf"
42,"Florida officials defy DeSantis as infections spike  #MAGA #TRUMP2024 #Trump

https://t.co/JN2h41oOo1"
43,"@MarlonDewey3 ğŸ‡ºğŸ‡¸ğŸ‡ºğŸ‡¸ğŸ‡ºğŸ‡¸STEALTH LAUNCHING TRUMPLON ON #BSCğŸ‡ºğŸ‡¸ğŸ‡ºğŸ‡¸ğŸ‡ºğŸ‡¸

ğŸ‡ºğŸ‡¸ğŸ‡ºğŸ‡¸ğŸ‡ºğŸ‡¸ğŸ‡ºğŸ‡¸ğŸ‡ºğŸ‡¸ğŸ‡ºğŸ‡¸ğŸ‡ºğŸ‡¸ğŸ‡ºğŸ‡¸ğŸ‡ºğŸ‡¸ğŸ‡ºğŸ‡¸ğŸ‡ºğŸ‡¸
âœ…LP LOCKED
âœ…#BUSDÂ Â rewards
âœ…Experienced team
âœ…Low starting LP
ğŸ‡ºğŸ‡¸ğŸ‡ºğŸ‡¸ğŸ‡ºğŸ‡¸ğŸ‡ºğŸ‡¸ğŸ‡ºğŸ‡¸ğŸ‡ºğŸ‡¸ğŸ‡ºğŸ‡¸ğŸ‡ºğŸ‡¸ğŸ‡ºğŸ‡¸ğŸ‡ºğŸ‡¸ğŸ‡ºğŸ‡¸

#trumplon $trumplon #trump #ELONMUSK 
DONT MISS THE LAUNCH JOIN TG
ğŸ‘‡ 

https://t.co/0uS03OujxR 
#492"
44,"@nftchristyy ğŸ‡ºğŸ‡¸ğŸ‡ºğŸ‡¸ğŸ‡ºğŸ‡¸STEALTH LAUNCHING TRUMPLON ON #BSCğŸ‡ºğŸ‡¸ğŸ‡ºğŸ‡¸ğŸ‡ºğŸ‡¸

ğŸ‡ºğŸ‡¸ğŸ‡ºğŸ‡¸ğŸ‡ºğŸ‡¸ğŸ‡ºğŸ‡¸ğŸ‡ºğŸ‡¸ğŸ‡ºğŸ‡¸ğŸ‡ºğŸ‡¸ğŸ‡ºğŸ‡¸ğŸ‡ºğŸ‡¸ğŸ‡ºğŸ‡¸ğŸ‡ºğŸ‡¸
âœ…LP LOCKED
âœ…#BUSDÂ Â rewards
âœ…Experienced team
âœ…Low starting LP
ğŸ‡ºğŸ‡¸ğŸ‡ºğŸ‡¸ğŸ‡ºğŸ‡¸ğŸ‡ºğŸ‡¸ğŸ‡ºğŸ‡¸ğŸ‡ºğŸ‡¸ğŸ‡ºğŸ‡¸ğŸ‡ºğŸ‡¸ğŸ‡ºğŸ‡¸ğŸ‡ºğŸ‡¸ğŸ‡ºğŸ‡¸

#trumplon $trumplon #trump #ELONMUSK 
DONT MISS THE LAUNCH JOIN TG
ğŸ‘‡

https://t.co/VMxjsZxcvh
#541"
45,"@Glowston_Token ğŸ‡ºğŸ‡¸ğŸ‡ºğŸ‡¸ğŸ‡ºğŸ‡¸STEALTH LAUNCHING TRUMPLON ON #BSCğŸ‡ºğŸ‡¸ğŸ‡ºğŸ‡¸ğŸ‡ºğŸ‡¸

ğŸ‡ºğŸ‡¸ğŸ‡ºğŸ‡¸ğŸ‡ºğŸ‡¸ğŸ‡ºğŸ‡¸ğŸ‡ºğŸ‡¸ğŸ‡ºğŸ‡¸ğŸ‡ºğŸ‡¸ğŸ‡ºğŸ‡¸ğŸ‡ºğŸ‡¸ğŸ‡ºğŸ‡¸ğŸ‡ºğŸ‡¸
âœ…LP LOCKED
âœ…#BUSDÂ Â rewards
âœ…Experienced team
âœ…Low starting LP
ğŸ‡ºğŸ‡¸ğŸ‡ºğŸ‡¸ğŸ‡ºğŸ‡¸ğŸ‡ºğŸ‡¸ğŸ‡ºğŸ‡¸ğŸ‡ºğŸ‡¸ğŸ‡ºğŸ‡¸ğŸ‡ºğŸ‡¸ğŸ‡ºğŸ‡¸ğŸ‡ºğŸ‡¸ğŸ‡ºğŸ‡¸

#trumplon $trumplon #trump #ELONMUSK 
DONT MISS THE LAUNCH JOIN TG
ğŸ‘‡ 

https://t.co/0uS03OtLIj 
#491"
46,"@Eksnft1 ğŸ‡ºğŸ‡¸ğŸ‡ºğŸ‡¸ğŸ‡ºğŸ‡¸STEALTH LAUNCHING TRUMPLON ON #BSCğŸ‡ºğŸ‡¸ğŸ‡ºğŸ‡¸ğŸ‡ºğŸ‡¸

ğŸ‡ºğŸ‡¸ğŸ‡ºğŸ‡¸ğŸ‡ºğŸ‡¸ğŸ‡ºğŸ‡¸ğŸ‡ºğŸ‡¸ğŸ‡ºğŸ‡¸ğŸ‡ºğŸ‡¸ğŸ‡ºğŸ‡¸ğŸ‡ºğŸ‡¸ğŸ‡ºğŸ‡¸ğŸ‡ºğŸ‡¸
âœ…LP LOCKED
âœ…#BUSDÂ Â rewards
âœ…Experienced team
âœ…Low starting LP
ğŸ‡ºğŸ‡¸ğŸ‡ºğŸ‡¸ğŸ‡ºğŸ‡¸ğŸ‡ºğŸ‡¸ğŸ‡ºğŸ‡¸ğŸ‡ºğŸ‡¸ğŸ‡ºğŸ‡¸ğŸ‡ºğŸ‡¸ğŸ‡ºğŸ‡¸ğŸ‡ºğŸ‡¸ğŸ‡ºğŸ‡¸

#trumplon $trumplon #trump #ELONMUSK 
DONT MISS THE LAUNCH JOIN TG
ğŸ‘‡

https://t.co/VMxjsZwEFJ
#540"
47,RT @kk131066: A man with a kind voice who disregards the life &amp; safety of people by allowing criminals to make a nightmare reality is an evâ€¦
48,"TRUMP LIE #26133 contâ€™d

""...billion?' Okay? That's a lot of money.""

#TFG  #Trump"
49,"@bullluncdao ğŸ‡ºğŸ‡¸ğŸ‡ºğŸ‡¸ğŸ‡ºğŸ‡¸STEALTH LAUNCHING TRUMPLON ON #BSCğŸ‡ºğŸ‡¸ğŸ‡ºğŸ‡¸ğŸ‡ºğŸ‡¸

ğŸ‡ºğŸ‡¸ğŸ‡ºğŸ‡¸ğŸ‡ºğŸ‡¸ğŸ‡ºğŸ‡¸ğŸ‡ºğŸ‡¸ğŸ‡ºğŸ‡¸ğŸ‡ºğŸ‡¸ğŸ‡ºğŸ‡¸ğŸ‡ºğŸ‡¸ğŸ‡ºğŸ‡¸ğŸ‡ºğŸ‡¸
âœ…LP LOCKED
âœ…#BUSDÂ Â rewards
âœ…Experienced team
âœ…Low starting LP
ğŸ‡ºğŸ‡¸ğŸ‡ºğŸ‡¸ğŸ‡ºğŸ‡¸ğŸ‡ºğŸ‡¸ğŸ‡ºğŸ‡¸ğŸ‡ºğŸ‡¸ğŸ‡ºğŸ‡¸ğŸ‡ºğŸ‡¸ğŸ‡ºğŸ‡¸ğŸ‡ºğŸ‡¸ğŸ‡ºğŸ‡¸

#trumplon $trumplon #trump #ELONMUSK 
DONT MISS THE LAUNCH JOIN TG
ğŸ‘‡ 

https://t.co/0uS03OtLIj 
#490"
50,"@bullluncdao ğŸ‡ºğŸ‡¸ğŸ‡ºğŸ‡¸ğŸ‡ºğŸ‡¸STEALTH LAUNCHING TRUMPLON ON #BSCğŸ‡ºğŸ‡¸ğŸ‡ºğŸ‡¸ğŸ‡ºğŸ‡¸

ğŸ‡ºğŸ‡¸ğŸ‡ºğŸ‡¸ğŸ‡ºğŸ‡¸ğŸ‡ºğŸ‡¸ğŸ‡ºğŸ‡¸ğŸ‡ºğŸ‡¸ğŸ‡ºğŸ‡¸ğŸ‡ºğŸ‡¸ğŸ‡ºğŸ‡¸ğŸ‡ºğŸ‡¸ğŸ‡ºğŸ‡¸
âœ…LP LOCKED
âœ…#BUSDÂ Â rewards
âœ…Experienced team
âœ…Low starting LP
ğŸ‡ºğŸ‡¸ğŸ‡ºğŸ‡¸ğŸ‡ºğŸ‡¸ğŸ‡ºğŸ‡¸ğŸ‡ºğŸ‡¸ğŸ‡ºğŸ‡¸ğŸ‡ºğŸ‡¸ğŸ‡ºğŸ‡¸ğŸ‡ºğŸ‡¸ğŸ‡ºğŸ‡¸ğŸ‡ºğŸ‡¸

#trumplon $trumplon #trump #ELONMUSK 
DONT MISS THE LAUNCH JOIN TG
ğŸ‘‡ 

https://t.co/0uS03OujxR 
#489"
51,"California Governor Targets 2nd Amendment

#Trump #trumpRally #DonaldTrump 

#trumpwon #TrumpWasRightAboutEverything 

#TRUMP2024ToSaveAmerica

#MAGA #2AMaga #ULTRAMAGA

https://t.co/LtR2YNm56g"
52,"The Virginia Recount Was Just Completed #MAGA #TRUMP2024 #Trump

https://t.co/onucVX05sk"
53,RT @forgedusa2: One of my best Handmade Work Tracker Knife #MAGA #Hunting #Outdoor #USA #KAG #Texas #Trump #Vikings https://t.co/AZt0SGr4MJ
54,What are the #DemoRATs afraid of? That #Trump will complete the destruction of the Washington #DeepState once and for all. https://t.co/l8QEbdv7Rw
55,"@SenWarren is a disgusting representation of a United States Senator.

And #Jan6 is investigating #Trump for doing what? https://t.co/0dLHJOwYfr"
56,"@SaqlainAli888 @edk208 @stablekwon @TerraRebels @terra_money ğŸ‡ºğŸ‡¸ğŸ‡ºğŸ‡¸ğŸ‡ºğŸ‡¸STEALTH LAUNCHING TRUMPLON ON #BSCğŸ‡ºğŸ‡¸ğŸ‡ºğŸ‡¸ğŸ‡ºğŸ‡¸

ğŸ‡ºğŸ‡¸ğŸ‡ºğŸ‡¸ğŸ‡ºğŸ‡¸ğŸ‡ºğŸ‡¸ğŸ‡ºğŸ‡¸ğŸ‡ºğŸ‡¸ğŸ‡ºğŸ‡¸ğŸ‡ºğŸ‡¸ğŸ‡ºğŸ‡¸ğŸ‡ºğŸ‡¸ğŸ‡ºğŸ‡¸
âœ…LP LOCKED
âœ…#BUSDÂ Â rewards
âœ…Experienced team
âœ…Low starting LP
ğŸ‡ºğŸ‡¸ğŸ‡ºğŸ‡¸ğŸ‡ºğŸ‡¸ğŸ‡ºğŸ‡¸ğŸ‡ºğŸ‡¸ğŸ‡ºğŸ‡¸ğŸ‡ºğŸ‡¸ğŸ‡ºğŸ‡¸ğŸ‡ºğŸ‡¸ğŸ‡ºğŸ‡¸ğŸ‡ºğŸ‡¸

#trumplon $trumplon #trump #ELONMUSK 
DONT MISS THE LAUNCH JOIN TG
ğŸ‘‡ 

https://t.co/0uS03OujxR 
#488"
57,"@JapaneseCrypto ğŸ‡ºğŸ‡¸ğŸ‡ºğŸ‡¸ğŸ‡ºğŸ‡¸STEALTH LAUNCHING TRUMPLON ON #BSCğŸ‡ºğŸ‡¸ğŸ‡ºğŸ‡¸ğŸ‡ºğŸ‡¸

ğŸ‡ºğŸ‡¸ğŸ‡ºğŸ‡¸ğŸ‡ºğŸ‡¸ğŸ‡ºğŸ‡¸ğŸ‡ºğŸ‡¸ğŸ‡ºğŸ‡¸ğŸ‡ºğŸ‡¸ğŸ‡ºğŸ‡¸ğŸ‡ºğŸ‡¸ğŸ‡ºğŸ‡¸ğŸ‡ºğŸ‡¸
âœ…LP LOCKED
âœ…#BUSDÂ Â rewards
âœ…Experienced team
âœ…Low starting LP
ğŸ‡ºğŸ‡¸ğŸ‡ºğŸ‡¸ğŸ‡ºğŸ‡¸ğŸ‡ºğŸ‡¸ğŸ‡ºğŸ‡¸ğŸ‡ºğŸ‡¸ğŸ‡ºğŸ‡¸ğŸ‡ºğŸ‡¸ğŸ‡ºğŸ‡¸ğŸ‡ºğŸ‡¸ğŸ‡ºğŸ‡¸

#trumplon $trumplon #trump #ELONMUSK 
DONT MISS THE LAUNCH JOIN TG
ğŸ‘‡

https://t.co/VMxjsZwEFJ
#539"
58,"@Ferdina67996506 @binance ğŸ‡ºğŸ‡¸ğŸ‡ºğŸ‡¸ğŸ‡ºğŸ‡¸STEALTH LAUNCHING TRUMPLON ON #BSCğŸ‡ºğŸ‡¸ğŸ‡ºğŸ‡¸ğŸ‡ºğŸ‡¸

ğŸ‡ºğŸ‡¸ğŸ‡ºğŸ‡¸ğŸ‡ºğŸ‡¸ğŸ‡ºğŸ‡¸ğŸ‡ºğŸ‡¸ğŸ‡ºğŸ‡¸ğŸ‡ºğŸ‡¸ğŸ‡ºğŸ‡¸ğŸ‡ºğŸ‡¸ğŸ‡ºğŸ‡¸ğŸ‡ºğŸ‡¸
âœ…LP LOCKED
âœ…#BUSDÂ Â rewards
âœ…Experienced team
âœ…Low starting LP
ğŸ‡ºğŸ‡¸ğŸ‡ºğŸ‡¸ğŸ‡ºğŸ‡¸ğŸ‡ºğŸ‡¸ğŸ‡ºğŸ‡¸ğŸ‡ºğŸ‡¸ğŸ‡ºğŸ‡¸ğŸ‡ºğŸ‡¸ğŸ‡ºğŸ‡¸ğŸ‡ºğŸ‡¸ğŸ‡ºğŸ‡¸

#trumplon $trumplon #trump #ELONMUSK 
DONT MISS THE LAUNCH JOIN TG
ğŸ‘‡ 

https://t.co/0uS03OujxR 
#487"
59,"@Nonsecta_NWS @nmeesen @binance ğŸ‡ºğŸ‡¸ğŸ‡ºğŸ‡¸ğŸ‡ºğŸ‡¸STEALTH LAUNCHING TRUMPLON ON #BSCğŸ‡ºğŸ‡¸ğŸ‡ºğŸ‡¸ğŸ‡ºğŸ‡¸

ğŸ‡ºğŸ‡¸ğŸ‡ºğŸ‡¸ğŸ‡ºğŸ‡¸ğŸ‡ºğŸ‡¸ğŸ‡ºğŸ‡¸ğŸ‡ºğŸ‡¸ğŸ‡ºğŸ‡¸ğŸ‡ºğŸ‡¸ğŸ‡ºğŸ‡¸ğŸ‡ºğŸ‡¸ğŸ‡ºğŸ‡¸
âœ…LP LOCKED
âœ…#BUSDÂ Â rewards
âœ…Experienced team
âœ…Low starting LP
ğŸ‡ºğŸ‡¸ğŸ‡ºğŸ‡¸ğŸ‡ºğŸ‡¸ğŸ‡ºğŸ‡¸ğŸ‡ºğŸ‡¸ğŸ‡ºğŸ‡¸ğŸ‡ºğŸ‡¸ğŸ‡ºğŸ‡¸ğŸ‡ºğŸ‡¸ğŸ‡ºğŸ‡¸ğŸ‡ºğŸ‡¸

#trumplon $trumplon #trump #ELONMUSK 
DONT MISS THE LAUNCH JOIN TG
ğŸ‘‡ 

https://t.co/0uS03OtLIj 
#486"
60,"Democrat Representative Says Biden Won't Run In 2024

#Trump #trumpRally #DonaldTrump 

#trumpwon #TrumpWasRightAboutEverything 

#TRUMP2024ToSaveAmerica

#MAGA #2AMaga #ULTRAMAGA

https://t.co/0LKLBKzHFw"
61,"Trumpâ€™s false election fraud claims fuel Michigan GOP meltdown  #MAGA #TRUMP2024 #Trump

https://t.co/TbUs8fpQvj"
62,"@Rebllon ğŸ‡ºğŸ‡¸ğŸ‡ºğŸ‡¸ğŸ‡ºğŸ‡¸STEALTH LAUNCHING TRUMPLON ON #BSCğŸ‡ºğŸ‡¸ğŸ‡ºğŸ‡¸ğŸ‡ºğŸ‡¸

ğŸ‡ºğŸ‡¸ğŸ‡ºğŸ‡¸ğŸ‡ºğŸ‡¸ğŸ‡ºğŸ‡¸ğŸ‡ºğŸ‡¸ğŸ‡ºğŸ‡¸ğŸ‡ºğŸ‡¸ğŸ‡ºğŸ‡¸ğŸ‡ºğŸ‡¸ğŸ‡ºğŸ‡¸ğŸ‡ºğŸ‡¸
âœ…LP LOCKED
âœ…#BUSDÂ Â rewards
âœ…Experienced team
âœ…Low starting LP
ğŸ‡ºğŸ‡¸ğŸ‡ºğŸ‡¸ğŸ‡ºğŸ‡¸ğŸ‡ºğŸ‡¸ğŸ‡ºğŸ‡¸ğŸ‡ºğŸ‡¸ğŸ‡ºğŸ‡¸ğŸ‡ºğŸ‡¸ğŸ‡ºğŸ‡¸ğŸ‡ºğŸ‡¸ğŸ‡ºğŸ‡¸

#trumplon $trumplon #trump #ELONMUSK 
DONT MISS THE LAUNCH JOIN TG
ğŸ‘‡

https://t.co/VMxjsZxcvh
#535"
63,Random Trump https://t.co/GdWf9dfBdV - #randomtrump #trump #donaldtrump #giphy #gif #gifs https://t.co/tIyDgzg7et
64,"@bybenjamin81 ğŸ‡ºğŸ‡¸ğŸ‡ºğŸ‡¸ğŸ‡ºğŸ‡¸STEALTH LAUNCHING TRUMPLON ON #BSCğŸ‡ºğŸ‡¸ğŸ‡ºğŸ‡¸ğŸ‡ºğŸ‡¸

ğŸ‡ºğŸ‡¸ğŸ‡ºğŸ‡¸ğŸ‡ºğŸ‡¸ğŸ‡ºğŸ‡¸ğŸ‡ºğŸ‡¸ğŸ‡ºğŸ‡¸ğŸ‡ºğŸ‡¸ğŸ‡ºğŸ‡¸ğŸ‡ºğŸ‡¸ğŸ‡ºğŸ‡¸ğŸ‡ºğŸ‡¸
âœ…LP LOCKED
âœ…#BUSDÂ Â rewards
âœ…Experienced team
âœ…Low starting LP
ğŸ‡ºğŸ‡¸ğŸ‡ºğŸ‡¸ğŸ‡ºğŸ‡¸ğŸ‡ºğŸ‡¸ğŸ‡ºğŸ‡¸ğŸ‡ºğŸ‡¸ğŸ‡ºğŸ‡¸ğŸ‡ºğŸ‡¸ğŸ‡ºğŸ‡¸ğŸ‡ºğŸ‡¸ğŸ‡ºğŸ‡¸

#trumplon $trumplon #trump #ELONMUSK 
DONT MISS THE LAUNCH JOIN TG
ğŸ‘‡ 

https://t.co/0uS03OujxR 
#485"
65,The latest Trump Danger Daily! https://t.co/ufhhENn0SZ Thanks to @Alain_Ayrik #trump #iran
66,"If #Trump comes back on @twitter, will he be admitting that his #TruthSocial platform is a failure?"
67,@bulmasan @joncoopertweets Now do #Trump. And then do #ElonMusk. And then do every televangelist.
68,"@Arthurr_NFT ğŸ‡ºğŸ‡¸ğŸ‡ºğŸ‡¸ğŸ‡ºğŸ‡¸STEALTH LAUNCHING TRUMPLON ON #BSCğŸ‡ºğŸ‡¸ğŸ‡ºğŸ‡¸ğŸ‡ºğŸ‡¸

ğŸ‡ºğŸ‡¸ğŸ‡ºğŸ‡¸ğŸ‡ºğŸ‡¸ğŸ‡ºğŸ‡¸ğŸ‡ºğŸ‡¸ğŸ‡ºğŸ‡¸ğŸ‡ºğŸ‡¸ğŸ‡ºğŸ‡¸ğŸ‡ºğŸ‡¸ğŸ‡ºğŸ‡¸ğŸ‡ºğŸ‡¸
âœ…LP LOCKED
âœ…#BUSDÂ Â rewards
âœ…Experienced team
âœ…Low starting LP
ğŸ‡ºğŸ‡¸ğŸ‡ºğŸ‡¸ğŸ‡ºğŸ‡¸ğŸ‡ºğŸ‡¸ğŸ‡ºğŸ‡¸ğŸ‡ºğŸ‡¸ğŸ‡ºğŸ‡¸ğŸ‡ºğŸ‡¸ğŸ‡ºğŸ‡¸ğŸ‡ºğŸ‡¸ğŸ‡ºğŸ‡¸

#trumplon $trumplon #trump #ELONMUSK 
DONT MISS THE LAUNCH JOIN TG
ğŸ‘‡

https://t.co/VMxjsZxcvh
#534"
69,"@Rx76822357 @MetaGloriaNFT @aliibaba888 ğŸ‡ºğŸ‡¸ğŸ‡ºğŸ‡¸ğŸ‡ºğŸ‡¸STEALTH LAUNCHING TRUMPLON ON #BSCğŸ‡ºğŸ‡¸ğŸ‡ºğŸ‡¸ğŸ‡ºğŸ‡¸

ğŸ‡ºğŸ‡¸ğŸ‡ºğŸ‡¸ğŸ‡ºğŸ‡¸ğŸ‡ºğŸ‡¸ğŸ‡ºğŸ‡¸ğŸ‡ºğŸ‡¸ğŸ‡ºğŸ‡¸ğŸ‡ºğŸ‡¸ğŸ‡ºğŸ‡¸ğŸ‡ºğŸ‡¸ğŸ‡ºğŸ‡¸
âœ…LP LOCKED
âœ…#BUSDÂ Â rewards
âœ…Experienced team
âœ…Low starting LP
ğŸ‡ºğŸ‡¸ğŸ‡ºğŸ‡¸ğŸ‡ºğŸ‡¸ğŸ‡ºğŸ‡¸ğŸ‡ºğŸ‡¸ğŸ‡ºğŸ‡¸ğŸ‡ºğŸ‡¸ğŸ‡ºğŸ‡¸ğŸ‡ºğŸ‡¸ğŸ‡ºğŸ‡¸ğŸ‡ºğŸ‡¸

#trumplon $trumplon #trump #ELONMUSK 
DONT MISS THE LAUNCH JOIN TG
ğŸ‘‡ 

https://t.co/0uS03OtLIj 
#484"
70,"RT @Voices4Pal: South #African #President Cyril #Ramaphosa was at an AU summit, when #US President Donald #Trump announced â€˜the Deal of theâ€¦"
71,"@FoxCryptoBSC ğŸ‡ºğŸ‡¸ğŸ‡ºğŸ‡¸ğŸ‡ºğŸ‡¸STEALTH LAUNCHING TRUMPLON ON #BSCğŸ‡ºğŸ‡¸ğŸ‡ºğŸ‡¸ğŸ‡ºğŸ‡¸

ğŸ‡ºğŸ‡¸ğŸ‡ºğŸ‡¸ğŸ‡ºğŸ‡¸ğŸ‡ºğŸ‡¸ğŸ‡ºğŸ‡¸ğŸ‡ºğŸ‡¸ğŸ‡ºğŸ‡¸ğŸ‡ºğŸ‡¸ğŸ‡ºğŸ‡¸ğŸ‡ºğŸ‡¸ğŸ‡ºğŸ‡¸
âœ…LP LOCKED
âœ…#BUSDÂ Â rewards
âœ…Experienced team
âœ…Low starting LP
ğŸ‡ºğŸ‡¸ğŸ‡ºğŸ‡¸ğŸ‡ºğŸ‡¸ğŸ‡ºğŸ‡¸ğŸ‡ºğŸ‡¸ğŸ‡ºğŸ‡¸ğŸ‡ºğŸ‡¸ğŸ‡ºğŸ‡¸ğŸ‡ºğŸ‡¸ğŸ‡ºğŸ‡¸ğŸ‡ºğŸ‡¸

#trumplon $trumplon #trump #ELONMUSK 
DONT MISS THE LAUNCH JOIN TG
ğŸ‘‡

https://t.co/VMxjsZxcvh
#533"
72,"@bullluncdao ğŸ‡ºğŸ‡¸ğŸ‡ºğŸ‡¸ğŸ‡ºğŸ‡¸STEALTH LAUNCHING TRUMPLON ON #BSCğŸ‡ºğŸ‡¸ğŸ‡ºğŸ‡¸ğŸ‡ºğŸ‡¸

ğŸ‡ºğŸ‡¸ğŸ‡ºğŸ‡¸ğŸ‡ºğŸ‡¸ğŸ‡ºğŸ‡¸ğŸ‡ºğŸ‡¸ğŸ‡ºğŸ‡¸ğŸ‡ºğŸ‡¸ğŸ‡ºğŸ‡¸ğŸ‡ºğŸ‡¸ğŸ‡ºğŸ‡¸ğŸ‡ºğŸ‡¸
âœ…LP LOCKED
âœ…#BUSDÂ Â rewards
âœ…Experienced team
âœ…Low starting LP
ğŸ‡ºğŸ‡¸ğŸ‡ºğŸ‡¸ğŸ‡ºğŸ‡¸ğŸ‡ºğŸ‡¸ğŸ‡ºğŸ‡¸ğŸ‡ºğŸ‡¸ğŸ‡ºğŸ‡¸ğŸ‡ºğŸ‡¸ğŸ‡ºğŸ‡¸ğŸ‡ºğŸ‡¸ğŸ‡ºğŸ‡¸

#trumplon $trumplon #trump #ELONMUSK 
DONT MISS THE LAUNCH JOIN TG
ğŸ‘‡ 

https://t.co/0uS03OujxR 
#483"
73,"#Twitter #Trump #Jan6 #ElonMusk #TwitterPoll #Russia

11/22/22 Jimmy Dore: Trump RESTORED To Twitter But Did Russia Do It?
https://t.co/LalzlGQuTh"
74,@DonaldJTrumpJr OMG. Typical #tRump. Being insulted his whole life by his father @DonaldJTrumpJr can't tell the difference between joking and seriousness. #TrumpDerangementSyndrome
75,"@YasinUn52387406 ğŸ‡ºğŸ‡¸ğŸ‡ºğŸ‡¸ğŸ‡ºğŸ‡¸STEALTH LAUNCHING TRUMPLON ON #BSCğŸ‡ºğŸ‡¸ğŸ‡ºğŸ‡¸ğŸ‡ºğŸ‡¸

ğŸ‡ºğŸ‡¸ğŸ‡ºğŸ‡¸ğŸ‡ºğŸ‡¸ğŸ‡ºğŸ‡¸ğŸ‡ºğŸ‡¸ğŸ‡ºğŸ‡¸ğŸ‡ºğŸ‡¸ğŸ‡ºğŸ‡¸ğŸ‡ºğŸ‡¸ğŸ‡ºğŸ‡¸ğŸ‡ºğŸ‡¸
âœ…LP LOCKED
âœ…#BUSDÂ Â rewards
âœ…Experienced team
âœ…Low starting LP
ğŸ‡ºğŸ‡¸ğŸ‡ºğŸ‡¸ğŸ‡ºğŸ‡¸ğŸ‡ºğŸ‡¸ğŸ‡ºğŸ‡¸ğŸ‡ºğŸ‡¸ğŸ‡ºğŸ‡¸ğŸ‡ºğŸ‡¸ğŸ‡ºğŸ‡¸ğŸ‡ºğŸ‡¸ğŸ‡ºğŸ‡¸

#trumplon $trumplon #trump #ELONMUSK 
DONT MISS THE LAUNCH JOIN TG
ğŸ‘‡ 

https://t.co/0uS03OujxR 
#482"
76,"@nft_kittycat ğŸ‡ºğŸ‡¸ğŸ‡ºğŸ‡¸ğŸ‡ºğŸ‡¸STEALTH LAUNCHING TRUMPLON ON #BSCğŸ‡ºğŸ‡¸ğŸ‡ºğŸ‡¸ğŸ‡ºğŸ‡¸

ğŸ‡ºğŸ‡¸ğŸ‡ºğŸ‡¸ğŸ‡ºğŸ‡¸ğŸ‡ºğŸ‡¸ğŸ‡ºğŸ‡¸ğŸ‡ºğŸ‡¸ğŸ‡ºğŸ‡¸ğŸ‡ºğŸ‡¸ğŸ‡ºğŸ‡¸ğŸ‡ºğŸ‡¸ğŸ‡ºğŸ‡¸
âœ…LP LOCKED
âœ…#BUSDÂ Â rewards
âœ…Experienced team
âœ…Low starting LP
ğŸ‡ºğŸ‡¸ğŸ‡ºğŸ‡¸ğŸ‡ºğŸ‡¸ğŸ‡ºğŸ‡¸ğŸ‡ºğŸ‡¸ğŸ‡ºğŸ‡¸ğŸ‡ºğŸ‡¸ğŸ‡ºğŸ‡¸ğŸ‡ºğŸ‡¸ğŸ‡ºğŸ‡¸ğŸ‡ºğŸ‡¸

#trumplon $trumplon #trump #ELONMUSK 
DONT MISS THE LAUNCH JOIN TG
ğŸ‘‡

https://t.co/VMxjsZwEFJ
#532"
77,"RT @kk131066: Those who call #Trump &amp; #GQP criminals, but don't say a word about #Biden, who put them above the law, are no better than #Cuâ€¦"
78,"IRS ordered to hand over Donald Trump tax returns to Congress  #MAGA #TRUMP2024 #Trump

https://t.co/a7ySubxqPm"
79,"RT @JointGuy126: Trumps Independent Recording of his 60 min interview.  Here's Leslie Stahl dismissing the laptop, and #Trump. CLEAR Electiâ€¦"
80,"@MattMar84269561 ğŸ‡ºğŸ‡¸ğŸ‡ºğŸ‡¸ğŸ‡ºğŸ‡¸STEALTH LAUNCHING TRUMPLON ON #BSCğŸ‡ºğŸ‡¸ğŸ‡ºğŸ‡¸ğŸ‡ºğŸ‡¸

ğŸ‡ºğŸ‡¸ğŸ‡ºğŸ‡¸ğŸ‡ºğŸ‡¸ğŸ‡ºğŸ‡¸ğŸ‡ºğŸ‡¸ğŸ‡ºğŸ‡¸ğŸ‡ºğŸ‡¸ğŸ‡ºğŸ‡¸ğŸ‡ºğŸ‡¸ğŸ‡ºğŸ‡¸ğŸ‡ºğŸ‡¸
âœ…LP LOCKED
âœ…#BUSDÂ Â rewards
âœ…Experienced team
âœ…Low starting LP
ğŸ‡ºğŸ‡¸ğŸ‡ºğŸ‡¸ğŸ‡ºğŸ‡¸ğŸ‡ºğŸ‡¸ğŸ‡ºğŸ‡¸ğŸ‡ºğŸ‡¸ğŸ‡ºğŸ‡¸ğŸ‡ºğŸ‡¸ğŸ‡ºğŸ‡¸ğŸ‡ºğŸ‡¸ğŸ‡ºğŸ‡¸

#trumplon $trumplon #trump #ELONMUSK 
DONT MISS THE LAUNCH JOIN TG
ğŸ‘‡ 

https://t.co/0uS03OtLIj 
#481"
81,"@Moonstonenft1 ğŸ‡ºğŸ‡¸ğŸ‡ºğŸ‡¸ğŸ‡ºğŸ‡¸STEALTH LAUNCHING TRUMPLON ON #BSCğŸ‡ºğŸ‡¸ğŸ‡ºğŸ‡¸ğŸ‡ºğŸ‡¸

ğŸ‡ºğŸ‡¸ğŸ‡ºğŸ‡¸ğŸ‡ºğŸ‡¸ğŸ‡ºğŸ‡¸ğŸ‡ºğŸ‡¸ğŸ‡ºğŸ‡¸ğŸ‡ºğŸ‡¸ğŸ‡ºğŸ‡¸ğŸ‡ºğŸ‡¸ğŸ‡ºğŸ‡¸ğŸ‡ºğŸ‡¸
âœ…LP LOCKED
âœ…#BUSDÂ Â rewards
âœ…Experienced team
âœ…Low starting LP
ğŸ‡ºğŸ‡¸ğŸ‡ºğŸ‡¸ğŸ‡ºğŸ‡¸ğŸ‡ºğŸ‡¸ğŸ‡ºğŸ‡¸ğŸ‡ºğŸ‡¸ğŸ‡ºğŸ‡¸ğŸ‡ºğŸ‡¸ğŸ‡ºğŸ‡¸ğŸ‡ºğŸ‡¸ğŸ‡ºğŸ‡¸

#trumplon $trumplon #trump #ELONMUSK 
DONT MISS THE LAUNCH JOIN TG
ğŸ‘‡

https://t.co/VMxjsZwEFJ
#531"
82,"@RonFilipkowski You people are simply nutz! Wouldn't you rather the truth be known? No all you care about is trying to deface #Trump, I'm no fan, but Jesus this shit has been going for six years now! Get him out of your head and move forward. We have done nothing but regress in two years!"
83,"@Rx76822357 @HappyCatKripto @MetaGloriaNFT @lunaburningknig @ExoOurUniverse @edk208 @ZaradarTR ğŸ‡ºğŸ‡¸ğŸ‡ºğŸ‡¸ğŸ‡ºğŸ‡¸STEALTH LAUNCHING TRUMPLON ON #BSCğŸ‡ºğŸ‡¸ğŸ‡ºğŸ‡¸ğŸ‡ºğŸ‡¸

ğŸ‡ºğŸ‡¸ğŸ‡ºğŸ‡¸ğŸ‡ºğŸ‡¸ğŸ‡ºğŸ‡¸ğŸ‡ºğŸ‡¸ğŸ‡ºğŸ‡¸ğŸ‡ºğŸ‡¸ğŸ‡ºğŸ‡¸ğŸ‡ºğŸ‡¸ğŸ‡ºğŸ‡¸ğŸ‡ºğŸ‡¸
âœ…LP LOCKED
âœ…#BUSDÂ Â rewards
âœ…Experienced team
âœ…Low starting LP
ğŸ‡ºğŸ‡¸ğŸ‡ºğŸ‡¸ğŸ‡ºğŸ‡¸ğŸ‡ºğŸ‡¸ğŸ‡ºğŸ‡¸ğŸ‡ºğŸ‡¸ğŸ‡ºğŸ‡¸ğŸ‡ºğŸ‡¸ğŸ‡ºğŸ‡¸ğŸ‡ºğŸ‡¸ğŸ‡ºğŸ‡¸

#trumplon $trumplon #trump #ELONMUSK 
DONT MISS THE LAUNCH JOIN TG
ğŸ‘‡ 

https://t.co/0uS03OtLIj 
#480"
84,Dems should be far more worried about your bacon bonce of a president.  #trump https://t.co/uSLOOk7Re1
85,"@Dennis_Porter_ ğŸ‡ºğŸ‡¸ğŸ‡ºğŸ‡¸ğŸ‡ºğŸ‡¸STEALTH LAUNCHING TRUMPLON ON #BSCğŸ‡ºğŸ‡¸ğŸ‡ºğŸ‡¸ğŸ‡ºğŸ‡¸

ğŸ‡ºğŸ‡¸ğŸ‡ºğŸ‡¸ğŸ‡ºğŸ‡¸ğŸ‡ºğŸ‡¸ğŸ‡ºğŸ‡¸ğŸ‡ºğŸ‡¸ğŸ‡ºğŸ‡¸ğŸ‡ºğŸ‡¸ğŸ‡ºğŸ‡¸ğŸ‡ºğŸ‡¸ğŸ‡ºğŸ‡¸
âœ…LP LOCKED
âœ…#BUSDÂ Â rewards
âœ…Experienced team
âœ…Low starting LP
ğŸ‡ºğŸ‡¸ğŸ‡ºğŸ‡¸ğŸ‡ºğŸ‡¸ğŸ‡ºğŸ‡¸ğŸ‡ºğŸ‡¸ğŸ‡ºğŸ‡¸ğŸ‡ºğŸ‡¸ğŸ‡ºğŸ‡¸ğŸ‡ºğŸ‡¸ğŸ‡ºğŸ‡¸ğŸ‡ºğŸ‡¸

#trumplon $trumplon #trump #ELONMUSK 
DONT MISS THE LAUNCH JOIN TG
ğŸ‘‡

https://t.co/VMxjsZxcvh
#530"
86,"RT @crankycartoons: Well holy crap guys, today weâ€™re heading down the old conspiracy rabbit hole! This cartoon digs at the roots of #Trumpâ€¦"
87,"It's good that #Biden called on Americans to speak out against #racism 

Answer his call by asking why he called for unity with #WhiteSupremacy in the 1st place?

https://t.co/dpvQZj1VRg

#Trump #Cult45 #GQP #HateCrimes #BLM #PoliceBrutality #HumanRights #UkraineWar #Truth #Facts"
88,"RT @JointGuy126: Trumps Independent Recording of his 60 min interview.  Here's Leslie Stahl dismissing the laptop, and #Trump. CLEAR Electiâ€¦"
89,"@marcwlux ğŸ‡ºğŸ‡¸ğŸ‡ºğŸ‡¸ğŸ‡ºğŸ‡¸STEALTH LAUNCHING TRUMPLON ON #BSCğŸ‡ºğŸ‡¸ğŸ‡ºğŸ‡¸ğŸ‡ºğŸ‡¸

ğŸ‡ºğŸ‡¸ğŸ‡ºğŸ‡¸ğŸ‡ºğŸ‡¸ğŸ‡ºğŸ‡¸ğŸ‡ºğŸ‡¸ğŸ‡ºğŸ‡¸ğŸ‡ºğŸ‡¸ğŸ‡ºğŸ‡¸ğŸ‡ºğŸ‡¸ğŸ‡ºğŸ‡¸ğŸ‡ºğŸ‡¸
âœ…LP LOCKED
âœ…#BUSDÂ Â rewards
âœ…Experienced team
âœ…Low starting LP
ğŸ‡ºğŸ‡¸ğŸ‡ºğŸ‡¸ğŸ‡ºğŸ‡¸ğŸ‡ºğŸ‡¸ğŸ‡ºğŸ‡¸ğŸ‡ºğŸ‡¸ğŸ‡ºğŸ‡¸ğŸ‡ºğŸ‡¸ğŸ‡ºğŸ‡¸ğŸ‡ºğŸ‡¸ğŸ‡ºğŸ‡¸

#trumplon $trumplon #trump #ELONMUSK 
DONT MISS THE LAUNCH JOIN TG
ğŸ‘‡ 

https://t.co/0uS03OtLIj 
#479"
90,#Magamorons Space Karen having issues getting #TrumpCoupAttempt #TraitorTrump  #trumpisanationalsecurityrisk back to Twitter. #Trump &amp; Space Karen will enable #MAGAts violence against anything #AmericanMoralityPolice #FakeChristians deem. https://t.co/2zW2W3aM3e https://t.co/LT8GdWOSUo
91,"Not all users on a platform are equal. By inviting former President #Trump to actively participate in #Twitter, CEO Elon Musk has made a consequential strategic decision. https://t.co/ywg6cU8ZiD"
92,"@BetterLunc ğŸ‡ºğŸ‡¸ğŸ‡ºğŸ‡¸ğŸ‡ºğŸ‡¸STEALTH LAUNCHING TRUMPLON ON #BSCğŸ‡ºğŸ‡¸ğŸ‡ºğŸ‡¸ğŸ‡ºğŸ‡¸

ğŸ‡ºğŸ‡¸ğŸ‡ºğŸ‡¸ğŸ‡ºğŸ‡¸ğŸ‡ºğŸ‡¸ğŸ‡ºğŸ‡¸ğŸ‡ºğŸ‡¸ğŸ‡ºğŸ‡¸ğŸ‡ºğŸ‡¸ğŸ‡ºğŸ‡¸ğŸ‡ºğŸ‡¸ğŸ‡ºğŸ‡¸
âœ…LP LOCKED
âœ…#BUSDÂ Â rewards
âœ…Experienced team
âœ…Low starting LP
ğŸ‡ºğŸ‡¸ğŸ‡ºğŸ‡¸ğŸ‡ºğŸ‡¸ğŸ‡ºğŸ‡¸ğŸ‡ºğŸ‡¸ğŸ‡ºğŸ‡¸ğŸ‡ºğŸ‡¸ğŸ‡ºğŸ‡¸ğŸ‡ºğŸ‡¸ğŸ‡ºğŸ‡¸ğŸ‡ºğŸ‡¸

#trumplon $trumplon #trump #ELONMUSK 
DONT MISS THE LAUNCH JOIN TG
ğŸ‘‡ 

https://t.co/0uS03OujxR 
#478"
93,"Content analysis:
This article scores 83/100. The complete report can be viewed here: https://t.co/Wi3lAKn5Xf
(I'm a bot)

#Trump #Queen https://t.co/EbpREB3Uit"
94,"RT @TsCandice: Good morning ğŸ¥µğŸ¥µğŸ¥µ
New posts on my only fans !!! Subscribe! #ElonMusk #DonaldTrump #Republicans #QatarWorldCup2022 #FIFAWorldCâ€¦"
95,"@Arthurr_NFT ğŸ‡ºğŸ‡¸ğŸ‡ºğŸ‡¸ğŸ‡ºğŸ‡¸STEALTH LAUNCHING TRUMPLON ON #BSCğŸ‡ºğŸ‡¸ğŸ‡ºğŸ‡¸ğŸ‡ºğŸ‡¸

ğŸ‡ºğŸ‡¸ğŸ‡ºğŸ‡¸ğŸ‡ºğŸ‡¸ğŸ‡ºğŸ‡¸ğŸ‡ºğŸ‡¸ğŸ‡ºğŸ‡¸ğŸ‡ºğŸ‡¸ğŸ‡ºğŸ‡¸ğŸ‡ºğŸ‡¸ğŸ‡ºğŸ‡¸ğŸ‡ºğŸ‡¸
âœ…LP LOCKED
âœ…#BUSDÂ Â rewards
âœ…Experienced team
âœ…Low starting LP
ğŸ‡ºğŸ‡¸ğŸ‡ºğŸ‡¸ğŸ‡ºğŸ‡¸ğŸ‡ºğŸ‡¸ğŸ‡ºğŸ‡¸ğŸ‡ºğŸ‡¸ğŸ‡ºğŸ‡¸ğŸ‡ºğŸ‡¸ğŸ‡ºğŸ‡¸ğŸ‡ºğŸ‡¸ğŸ‡ºğŸ‡¸

#trumplon $trumplon #trump #ELONMUSK 
DONT MISS THE LAUNCH JOIN TG
ğŸ‘‡

https://t.co/VMxjsZxcvh
#529"
96,"@fred_guttenberg @mikepompeo A day after a mass murder at an #LGBTQ club, @MikePompeo calls @rweingarten, the first openly-gay president of an American labor union, the most dangerous person in the world. He knows exactly what he is doing. No dog whistles. Full bullhorn hate aimed to appease #Trump's base."
97,"Jim Jordan Seriously Warns Joe Biden 

#Trump #trumpRally #DonaldTrump 

#trumpwon #TrumpWasRightAboutEverything 

#TRUMP2024ToSaveAmerica

#MAGA #2AMaga #ULTRAMAGA

https://t.co/vWPpfxOvTe"
98,"Trump pressured DOJ to call election corrupt ex-official wrote  #MAGA #TRUMP2024 #Trump

https://t.co/E60sucVeUi"
99,"@Mr_Moonbags ğŸ‡ºğŸ‡¸ğŸ‡ºğŸ‡¸ğŸ‡ºğŸ‡¸STEALTH LAUNCHING TRUMPLON ON #BSCğŸ‡ºğŸ‡¸ğŸ‡ºğŸ‡¸ğŸ‡ºğŸ‡¸

ğŸ‡ºğŸ‡¸ğŸ‡ºğŸ‡¸ğŸ‡ºğŸ‡¸ğŸ‡ºğŸ‡¸ğŸ‡ºğŸ‡¸ğŸ‡ºğŸ‡¸ğŸ‡ºğŸ‡¸ğŸ‡ºğŸ‡¸ğŸ‡ºğŸ‡¸ğŸ‡ºğŸ‡¸ğŸ‡ºğŸ‡¸
âœ…LP LOCKED
âœ…#BUSDÂ Â rewards
âœ…Experienced team
âœ…Low starting LP
ğŸ‡ºğŸ‡¸ğŸ‡ºğŸ‡¸ğŸ‡ºğŸ‡¸ğŸ‡ºğŸ‡¸ğŸ‡ºğŸ‡¸ğŸ‡ºğŸ‡¸ğŸ‡ºğŸ‡¸ğŸ‡ºğŸ‡¸ğŸ‡ºğŸ‡¸ğŸ‡ºğŸ‡¸ğŸ‡ºğŸ‡¸

#trumplon $trumplon #trump #ELONMUSK 
DONT MISS THE LAUNCH JOIN TG
ğŸ‘‡ 

https://t.co/0uS03OtLIj 
#477"
